file,label,f_score,fitness,precision
09_sample_1.py,09,0.8249386612033144,0.7020388076490439,1.0
09_sample_2.py,09,0.8249386612033144,0.7020388076490439,1.0
09_sample_3.py,09,0.0,0.6282453065589354,0.0
09_sample_4.py,09,0.8795106783405613,0.7849344579545039,1.0
