filename,reward_score = -1,reward_score = 1,reward_score != -1,q0_reward,q25_reward,q50_reward,q75_reward,q100_reward,q0_footprint,q25_footprint,q50_footprint,q75_footprint,q100_footprint
reward_scores_step0.csv,889,2,359,-0.5,0.5029811413262358,0.5615384615384615,0.6369318181818181,1.0,3.0,15.0,24.0,46.0,281.0
reward_scores_sft.csv,50,1,162,0.4116279069767441,0.5571297653958944,0.602869352869353,0.6748602050326189,1.0,2.0,16.0,19.0,33.75,236.0
reward_scores_step1.csv,152,25,1096,0.4273631840796019,0.5785714285714285,0.6467001434720229,0.74,1.0,12.0,14.0,15.0,16.0,226.0
reward_scores_step2.csv,4,28,1244,0.5107913669064748,0.5822192513368983,0.6489713963646612,0.740126582278481,1.0,14.0,14.0,15.0,16.0,199.0
reward_scores_step3.csv,2,28,1246,0.5107913669064748,0.5816326530612246,0.6489361702127661,0.7405555555555555,1.0,14.0,14.0,15.0,16.0,49.0
reward_scores_step4.csv,0,28,1248,0.5107913669064748,0.5812244897959185,0.6485421591804571,0.7401851851851852,1.0,14.0,14.0,15.0,16.0,76.0
reward_scores_step5.csv,2,28,1246,0.5107913669064748,0.5821969696969697,0.6489361702127661,0.7405555555555555,1.0,14.0,14.0,15.0,16.0,113.0
reward_scores_step6.csv,1,0,375,0.5,0.5069005745849339,0.5217391304347827,0.5446009389671362,0.875,14.0,210.0,240.0,272.0,380.0
